{"cameraMode":{"drawMode":0,"name":"Shaded","section":"Shading Mode"},"sceneLighting":false,"audioPlay":false,"sceneViewState":{"m_AlwaysRefresh":false,"showFog":true,"showSkybox":false,"showFlares":true,"showImageEffects":true,"showParticleSystems":true,"showVisualEffectGraphs":true,"m_FxEnabled":true},"in2DMode":false,"pivot":{"x":-19.440000534057618,"y":0.3400000333786011,"z":-2.4700000286102297},"rotation":{"x":-0.15663373470306397,"y":0.5421227216720581,"z":-0.10375717282295227,"w":-0.8190611004829407},"size":0.8660253882408142,"orthographic":false}