{"cameraMode":{"drawMode":0,"name":"Shaded","section":"Shading Mode"},"sceneLighting":true,"audioPlay":false,"sceneViewState":{"m_AlwaysRefresh":false,"showFog":true,"showSkybox":true,"showFlares":true,"showImageEffects":true,"showParticleSystems":true,"showVisualEffectGraphs":true,"m_FxEnabled":true},"in2DMode":false,"pivot":{"x":-14.32957649230957,"y":1.234884262084961,"z":1.7171764373779297},"rotation":{"x":-0.06281434744596482,"y":0.0670112818479538,"z":-0.0042806267738342289,"w":-0.9957937002182007},"size":9.709427833557129,"orthographic":false}